ClusterHour_PRED;slope_Temp;slope_Irrad;intercept;minimum
0;-3.054699571526974;-0.11436352404310435;36.9138908755997;10.780491330421631
1;-2.9179889964048806;-0.03854012005964613;35.883385337502034;14.174661725774426
2;-3.080244689619551;-0.7240242853808172;38.57347351350293;17.105632437765138
3;-2.869470317857585;-0.08833554867667669;36.355070990326624;12.777788499279993
4;-2.8630895474172444;-1.8934147533670087;42.91564264516871;9.934238386758677
5;-2.4710186775629643;-0.12313730385958564;37.14477473194982;15.087955474448904
6;-2.7798016260729392;-0.13405469801669434;40.1390104672283;8.699757289120253
7;-3.1811554222627483;-0.11485740440470854;51.69609402909989;21.059219183877687
8;-2.9056499666744355;-0.024271504494401217;57.283468383341365;3.308814660905492
9;-6.81650279367977;-0.017752939108356302;132.08382809007784;0.08013257794912773
10;-6.836096401090709;-1.0934484438343232e-14;127.5880848431865;66.87430182651737
11;-6.967959243275675;-0.007655690731818186;129.62430677046342;64.16513898072222
12;-7.290921844102759;-1.7500433960563338e-07;126.25431097807201;48.313411074246154
13;-7.1041679492001;-9.140877600643589e-16;126.12455696044674;42.39946336091843
14;-7.399524716243055;-6.828419463806643e-06;125.31537206184103;49.09080743317493
15;-7.0282005764740685;-0.022943786951929848;127.27913612393068;43.492645705121696
16;-7.105604666315977;-0.0576399523457907;125.22854496899586;32.600958410364136
17;-5.991978325397406;-0.17320840668698098;108.35062526106942;25.815886195695825
18;-3.2127529658132823;-0.2131262885447976;57.91871250060382;19.709837170073083
19;-3.2699111034749584;-0.3132227393372853;56.18837994493525;12.856878406380405
20;-3.2894822813267424;-6.844482704551185e-06;56.005816204096604;18.900579679673353
21;-3.8713432861415353;-4.7447832717327786e-08;54.230993776073085;26.37638336286127
22;-2.6581529265732566;-3.1318987432469037e-05;36.34001356117985;5.501924868983014
23;-2.68725463212838;-7.196106696033772e-05;35.72488433531431;13.314947476774806
100;-2.0336966539940975;-1.4022254440812476e-07;30.789302421674062;1.5171097543457293
101;-2.1804281345492518;-0.06293762817039823;31.797286727243804;7.908587476297019
102;-2.061237359159748;-1.007248234432208e-07;34.033624496397;4.371805893558476
103;-2.107026671807204;-0.6407196776286483;33.645268971203784;2.032549363862993
104;-2.0943089429567205;-0.5367822887198977;33.24147295132396;7.67315971633763
105;-2.4001278363694403;-0.052061069607151685;33.80284063211869;6.679934197216724
106;-1.9821483533394886;-0.042336355904506746;33.802494907017035;2.2834659519160327
107;-2.6484420741813515;-0.022169217217719223;43.864002083767026;2.7004576350106904
108;-2.3972600365353895;-2.0485226037410909e-10;47.36281037434369;0.09858357618170112
109;-2.163695299837871;-1.6829940823411504e-13;44.79063095777845;4.25741911665342
110;-2.065186238250119;-0.0032941046212046567;44.49482376260647;2.2633353326134884
111;-2.222514611385392;-0.011742901679221623;43.244692344994945;8.79854286326623
112;-2.1065225211762457;-0.0014784658541023182;41.55756793013051;10.701796096288126
113;-2.041404370990124;-0.0004998182034170864;39.29048408730876;0.19861148373913928
114;-1.8338835091494712;-0.019111574948082903;42.345904708883246;2.2999365585129543
115;-1.9415764219018796;-0.006262685814868606;42.12050411265283;9.918807684546929
116;-1.9245095601994606;-0.11368405830591868;45.69019202100164;8.59698215490423
117;-2.055267698093169;-0.012773536218170775;44.097903695472375;8.73146760584513
118;-2.1010248898834973;-0.07274181588877085;42.541245832753035;3.710436011638169
119;-1.9363591438207335;-0.2637266108247453;42.36573779455027;2.8475086356828245
120;-2.1263875472797795;-1.303055353988478;41.97557486593713;4.002402428531193
121;-2.160672092162769;-0.8686311207044565;44.21486567798977;7.89656221036695
122;-2.1271989114972127;-0.04460733292738861;29.17656406457706;1.7767838131059526
123;-2.074260189420151;-4.078942289960647e-07;30.5403112311622;0.4201825522461997
200;-1.4549549012040741;-0.5716702864974553;24.933589673294964;0.5978071001775229
201;-1.5647568608483264;-6.5434460429452745e-09;24.339314579455422;1.6774138746586198
202;-2.2167243296676618;-0.23866842864834756;30.270973808027037;2.9299291679567148
203;-1.72345678991799;-0.8408515548998587;29.45517801315392;1.9825502807906097
204;-1.832208289597513;-0.23677371675560954;28.7111838712262;2.105221473075656
205;-1.9116279063191635;-0.01382854264946114;26.74714847095583;2.3513120194110666
206;-1.6718960070535334;-3.416176405215658e-11;26.841254619033435;0.9931925048527004
207;-1.6973852566499124;-2.1262066956221293e-10;27.41316802603972;2.0245133575167142
208;-2.1129663655530697;-4.394067400582808e-07;35.08866162739944;2.2483475620105824
209;-1.174592344890307;-0.11510565526904293;35.643607077618405;4.257840161811068
210;-2.088151492537917;-4.285198462183188e-11;36.10309034865282;3.1601955339670917
211;-1.991869959583069;-7.064665799266023e-13;33.559704206100626;2.138990162974841
212;-1.7528918068257564;-2.4811809131838732e-09;36.54081674360884;1.4066341328368186
213;-1.109728664367133;-3.116989711294658e-08;25.114196531038296;1.4225903261954587
214;-1.9986787858359965;-0.07044162574949968;28.90293009900024;5.184475102708066
215;-1.4563346086473468;-0.07481713053888764;32.25529571115368;2.212914459454158
216;-2.0083858473968528;-0.11577948754688738;35.699505495222105;4.248508756479403
217;-1.1968395549862143;-3.1449064794059223e-09;26.699605507031013;0.6968396799253932
218;-1.6292890022833693;-0.014210904539007021;28.79924578621058;2.100397082894351
219;-1.2724255698602145;-0.15999338195382615;27.43951871399356;1.831780027531531
220;-1.359794193053449;-0.45648715222513603;27.215849423072097;0.9228471960856133
221;-1.540238610610867;-1.6725681580581746;31.05467907128408;2.033689426456189
222;-1.5072933219167313;-2.8625850436668817e-09;22.650935859017082;0.9968299049222188
223;-1.3015359729004579;-1.6470753188103653e-09;20.58785124661553;2.803135876649555
