ClusterHour;slope_Temp;slope_Irrad;intercept;minimum
0;-2.559079600868143;-0.708546124800824;38.66117658779217;0.03497855176225795
1;-2.4850400899535137;-0.23584395771582412;37.18116452728639;2.024871478429393
2;-2.5213037459934657;-0.001484676298283259;37.13913534987184;0.7924929032760708
3;-2.406602951262251;-1.5285137124810306e-07;36.570802950610734;7.437784046885463
4;-2.881747754911199;-1.0415276127010173;40.300470274003125;0.13928522541060814
5;-2.2948026128880543;-0.13173961228020092;37.76076063621339;0.09548946724897768
6;-2.468820719878303;-0.16351309464966718;41.19343980480884;0.0904819857733652
7;-2.814856043736738;-0.0831337629158669;50.45785624284896;3.513048309631301
8;-2.9197290222369863;-0.02480633347016258;57.300894403965195;4.148131099471196
9;-7.167020456093738;-0.025465588841533337;134.50571779197477;5.682357823509636
10;-6.806094663352759;-4.6289552406862797e-10;128.72487707889718;3.4232834726998904
11;-6.981018630295817;-0.015214850716528661;132.11064738633706;7.589404818085545
12;-6.921404978003392;-3.344647042942075e-07;127.38825692056236;0.07395593315164822
13;-6.7718293069591935;-1.5363220747614834e-07;126.40659730600406;0.10486038952348624
14;-6.603299149194696;-1.5989753547919324e-05;124.22698520377173;9.89295385167596
15;-5.9170955913413295;-0.03684084795963488;126.82333979289666;8.352565026643497
16;-5.918841561304562;-0.07296652672131648;124.77791275421521;11.004171139857723
17;-5.161123999911937;-0.18753087456660314;107.40703951800238;7.864765712882359
18;-2.9330193615899467;-0.09280386707843959;57.41795847255825;0.5953113560678156
19;-3.0577088715663656;-0.13071290219838003;56.19881759661303;1.5709917585715476
20;-3.3079149842465707;-0.2441447375274641;57.25742018675727;2.7535041900143945e-05
21;-3.489216238836923;-5.301925454544867e-07;55.302519055730734;0.27402154457434214
22;-2.4939318156059587;-1.8574839844626904e-07;37.289154495843896;4.036601377414534
23;-2.8233409306578516;-0.0006364925721496757;36.035934427507144;1.5070295665660116
100;-1.9988378843234256;-8.439563308058135e-10;31.800732251396646;0.49041733035936513
101;-2.179758598558878;-3.4486298686238637e-06;32.19222636311364;2.0181033557947976
102;-2.061237370904119;-1.1040360249944422e-08;32.40248677676377;5.067145806343663
103;-2.388011601662838;-0.15276562521500875;33.46279453347508;3.8269555287163577
104;-2.0516087915834293;-0.17372287933125777;32.19194380169066;3.8123385212851093
105;-2.3917178584505145;-1.099183768351381e-07;33.45841641332319;0.03385977227122613
106;-1.9821483533378002;-0.010343279011204961;33.891208414991624;0.03253214555172229
107;-2.6399341765780675;-0.010038293713475152;43.425860850150855;5.197662422596818
108;-2.3972602462512107;-0.0001612798817255905;47.64355664943807;2.0005630952510236
109;-2.1636952998271015;-0.017488841363937763;47.71638148445662;0.10070643872168701
110;-2.0657150489003646;-1.120120720571167e-09;44.662044714601635;7.932315987368644
111;-2.222515026394788;-6.304377722800904e-08;44.12886113138938;8.915050703502292
112;-2.106491005915737;-0.00010806611685398754;43.15417762900937;11.32378253704845
113;-2.0414046121587948;-9.666698673541738e-11;41.0197705741374;6.309652971157024
114;-1.8338833070444096;-0.010204056897560125;42.37520046387592;2.2672790543745363
115;-1.9415712715666704;-0.006902588691407659;42.64163826441274;0.10619182776466708
116;-1.9245095590254635;-0.12359420132258354;47.045331268937865;10.264804380467037
117;-2.055267664246565;-0.015523963521536508;44.79380278745255;7.10072395682773
118;-2.1010248534334646;-0.05739673907889718;43.24004931694445;5.668704845264655
119;-1.9363591394951412;-0.2121741026018527;43.7639393683092;5.9149967602674804
120;-2.1265243902400686;-0.8616136630845064;42.27136186542118;3.172431434518493
121;-2.1606720825418537;-1.2507924610789563;46.17967475657889;10.006361588048174
122;-2.1271989158842053;-0.9101999427803875;30.933126558039458;0.6904887955626731
123;-2.074259020946357;-0.47866644303909445;29.38358221739345;0.9532244621544574
200;-1.5437324932563548;-0.16641777164817673;25.22231481481943;1.0996829283197176
201;-1.4998242652505747;-6.32793648914527e-08;23.880965456031426;1.5908009195832193
202;-1.6452528931057953;-6.379623146178612e-06;26.203323475170507;1.9004837098241771
203;-1.6262846193468217;-0.8304969716580138;28.8969310402419;0.5068028246156911
204;-1.748694747265188;-0.39052122205968565;29.372866833280266;2.9015764657726626
205;-1.6133666901929389;-0.039192022947544605;26.01714502761408;3.2975310689885995
206;-1.4901712110717693;-0.010032020584388276;27.913422525626178;1.6004585615208287
207;-2.2656006405734628;-3.0307383820919413e-07;34.24049538500744;1.158131542128716
208;-2.1801657470302622;-1.392849428440418e-09;36.76691092977143;2.2970549119826034
209;-1.1334119157701605;-0.13940331271877854;36.76214879649134;5.678731306194046
210;-1.6260131946699814;-4.493277082002924e-09;33.30566840599183;2.5757193384804773
211;-1.9372863560232803;-3.3992281363761983e-09;32.47933919559152;1.7709723435023226
212;-1.625029662007273;-1.1118510334359669e-05;35.1223013932806;1.0159297168905148
213;-1.6330986715046583;-2.8785344174341522e-08;33.022880943380095;1.42598716313467
214;-1.684851492066206;-2.777023812442866e-10;33.50257406237293;1.6032275705730192
215;-1.674352980647789;-5.5111434085242996e-11;32.12234689016787;2.1900940271663583
216;-1.856435578848824;-0.00010912161594294044;32.38626399602303;2.7131013646320765
217;-1.3336943012550935;-3.211291266647248e-11;28.923011343628872;0.7775859408407397
218;-1.4753188958839711;-0.042188318477130615;29.249094378186236;1.6795355718528004
219;-1.3655287260536508;-0.18603265250063472;29.60488261165803;1.3260818067093487
220;-1.2877492861787416;-0.5998404790765618;28.552656636354257;1.797454126620946
221;-1.4512268102932087;-1.5875668987620402;31.124878891289256;2.0207476404643265
222;-1.1735330823860048;-1.6145604847688477e-09;20.417359630545388;0.499522056416938
223;-1.1737379981308187;-4.553038637133399e-09;22.961226734969006;3.214852943380487
