DATE_YYYY_MM_DD;cluster
2019-01-01;2
2019-01-02;1
2019-01-03;2
2019-01-04;2
2019-01-05;2
2019-01-06;2
2019-01-07;0
2019-01-08;0
2019-01-09;0
2019-01-10;0
2019-01-11;0
2019-01-12;1
2019-01-13;1
2019-01-14;0
2019-01-15;0
2019-01-16;0
2019-01-17;0
2019-01-18;0
2019-01-19;1
2019-01-20;1
2019-01-21;0
2019-01-22;0
2019-01-23;0
2019-01-24;0
2019-01-25;0
2019-01-26;1
2019-01-27;1
2019-01-28;0
2019-01-29;0
2019-01-30;0
2019-01-31;0
2019-02-01;0
2019-02-02;1
2019-02-03;1
2019-02-04;0
2019-02-05;0
2019-02-06;0
2019-02-07;0
2019-02-08;0
2019-02-09;2
2019-02-10;1
2019-02-11;0
2019-02-12;0
2019-02-13;0
2019-02-14;0
2019-02-15;0
2019-02-16;1
2019-02-17;1
2019-02-18;0
2019-02-19;0
2019-02-20;0
2019-02-21;0
2019-02-22;0
2019-02-23;1
2019-02-24;1
2019-02-25;0
2019-02-26;0
2019-02-27;0
2019-02-28;0
2019-03-01;0
2019-03-02;1
2019-03-03;1
2019-03-04;0
2019-03-05;0
2019-03-06;0
2019-03-07;0
2019-03-08;0
2019-03-09;1
2019-03-10;1
2019-03-11;0
2019-03-12;0
2019-03-13;0
2019-03-14;0
2019-03-15;0
2019-03-16;1
2019-03-17;1
2019-03-18;0
2019-03-19;0
2019-03-20;0
2019-03-22;0
2019-03-23;2
2019-03-24;1
2019-03-25;0
2019-03-26;0
2019-03-27;0
2019-03-28;2
2019-03-29;0
2019-03-30;1
2019-04-01;0
2019-04-02;0
2019-04-03;2
2019-04-04;2
2019-04-05;0
2019-04-06;2
2019-04-07;2
2019-04-08;0
2019-04-09;0
2019-04-10;0
2019-04-11;0
2019-04-12;0
2019-04-13;1
2019-04-14;1
2019-04-15;2
2019-04-16;2
2019-04-17;1
2019-04-18;2
2019-04-19;2
2019-04-20;1
2019-04-21;2
2019-04-22;2
2019-04-23;2
2019-04-24;2
2019-04-25;2
2019-04-26;2
2019-04-27;2
2019-04-28;2
2019-04-29;2
2019-05-01;2
2019-05-02;0
2019-05-03;0
2019-05-04;1
2019-05-05;1
2019-05-06;1
2019-05-07;2
2019-05-08;2
2019-05-09;2
2019-05-10;0
2019-05-11;1
2019-05-12;2
2019-05-13;0
2019-05-14;0
2019-05-15;1
2019-05-16;2
2019-05-17;2
2019-05-18;2
2019-05-19;2
2019-05-20;2
2019-05-21;2
2019-05-22;2
2019-05-23;2
2019-05-24;2
2019-05-25;1
2019-05-26;2
2019-05-27;2
2019-05-28;2
2019-05-29;0
2019-05-30;2
2019-05-31;2
2019-06-01;1
2019-06-02;2
2019-06-03;2
2019-06-04;2
2019-06-05;2
2019-06-06;2
2019-06-07;2
2019-06-08;1
2019-06-09;1
2019-06-10;2
2019-06-11;0
2019-06-12;2
2019-06-13;0
2019-06-14;2
2019-06-15;2
2019-06-16;2
2019-06-18;2
2019-06-19;2
2019-06-20;2
2019-06-21;2
2019-06-22;1
2019-06-23;1
2019-06-24;2
2019-06-25;2
2019-06-26;2
2019-06-28;2
2019-06-29;2
2019-06-30;2
2019-07-01;1
2019-07-02;2
2019-07-03;2
2019-07-04;2
2019-07-05;2
2019-07-06;2
2019-07-07;2
2019-07-09;2
2019-07-10;2
2019-07-12;2
2019-07-13;1
2019-07-15;2
2019-07-16;2
2019-07-17;2
2019-07-18;2
2019-07-19;2
2019-07-25;2
2019-07-30;2
2019-07-31;2
2019-08-01;2
2019-08-02;2
2019-08-04;2
2019-08-05;2
2019-08-06;2
2019-08-10;2
2019-08-11;2
2019-08-12;2
2019-08-13;2
2019-08-14;2
2019-08-18;2
2019-08-19;1
2019-08-22;2
2019-08-23;2
2019-08-24;2
2019-08-25;2
2019-08-26;1
2019-08-27;2
2019-08-28;2
2019-08-29;2
2019-08-30;2
2019-08-31;2
2019-09-01;2
2019-09-02;2
2019-09-03;2
2019-09-04;2
2019-09-05;2
2019-09-06;2
2019-09-07;2
2019-09-08;2
2019-09-09;2
2019-09-10;2
2019-09-11;1
2019-09-12;1
2019-09-13;2
2019-09-14;2
2019-09-15;1
2019-09-16;1
2019-09-17;1
2019-09-18;0
2019-09-19;0
2019-09-20;2
2019-09-21;1
2019-09-22;1
2019-09-23;0
2019-09-24;0
2019-09-25;0
2019-09-26;0
2019-09-27;0
2019-09-28;1
2019-10-01;0
2019-10-02;0
2019-10-03;0
2019-10-04;0
2019-10-05;1
2019-10-06;1
2019-10-07;0
2019-10-08;0
2019-10-23;0
2019-10-24;0
2019-10-25;0
2019-10-26;1
2019-10-27;1
2019-10-28;0
2019-10-29;0
2019-10-30;0
2019-10-31;0
2019-11-01;0
2019-11-02;1
2019-11-03;1
2019-11-04;0
2019-11-05;0
2019-11-06;0
2019-11-07;0
2019-11-08;0
2019-11-09;1
2019-11-10;1
2019-11-11;0
2019-11-12;0
2019-11-13;0
2019-11-14;0
2019-11-15;0
2019-11-16;1
2019-11-17;1
2019-11-18;0
2019-11-19;0
2019-11-20;0
2019-11-21;0
2019-11-22;0
2019-11-23;1
2019-11-24;1
2019-11-25;0
2019-11-26;0
2019-11-27;0
2019-11-28;0
2019-11-29;0
2019-11-30;1
2019-12-01;1
2019-12-02;0
2019-12-03;0
2019-12-04;0
2019-12-05;0
2019-12-06;0
2019-12-07;1
2019-12-08;1
2019-12-09;0
2019-12-10;0
2019-12-11;0
2019-12-12;0
2019-12-13;0
2019-12-15;1
2019-12-16;0
2019-12-17;0
2019-12-18;0
2019-12-19;0
2019-12-20;2
2019-12-21;2
2019-12-22;2
2019-12-23;2
2019-12-24;2
2019-12-25;2
2019-12-26;2
2019-12-27;2
2019-12-28;2
2019-12-29;2
2019-12-30;2
